dataset,roc_auc,pr_auc,test_set
MSL,0.5388444070577394,0.1573139298750099,semisupervised_test
SMD,0.6154003720000335,0.0857214410259669,semisupervised_test
OPPORTUNITY,0.240188593899008,0.0266278070503268,semisupervised_test
CATSv2,0.5385589389900951,0.0523534347621606,semisupervised_test
MITDB,0.6155426351303421,0.078691828673504,semisupervised_test
GHL,0.2206206899762712,0.0128680136297475,semisupervised_test
SVDB,0.7102840126680654,0.1524672391890255,semisupervised_test
SMAP,0.5763469046644351,0.09093498233808589,semisupervised_test
