dataset,roc_auc,pr_auc,test_set
MSL,0.5433869095381774,0.1579506946650531,semisupervised_test
SMD,0.6066028072290819,0.0865086114295737,semisupervised_test
OPPORTUNITY,0.2305365790512159,0.026235289903047,semisupervised_test
SVDB,0.5458389765452757,0.1167642580447935,semisupervised_test
GHL,0.5830418735824403,0.0284769703700253,semisupervised_test
MITDB,0.5893276554802671,0.0679127495138184,semisupervised_test
CATSv2,0.5315454184392086,0.0517704067373388,semisupervised_test
SMAP,0.5626876726017066,0.08793553699333943,semisupervised_test
