dataset,roc_auc,pr_auc,test_set
MSL,0.5396945284378423,0.157361731779443,semisupervised_test
SMD,0.5544301067388651,0.0785070210736927,semisupervised_test
MITDB,0.5878861888507377,0.0737389988463341,semisupervised_test
CATSv2,0.5371973606349066,0.0532342008410549,semisupervised_test
SVDB,0.5725213395036055,0.1083851808305654,semisupervised_test
GHL,0.1879228605630043,0.0124960640032784,semisupervised_test
OPPORTUNITY,0.2402640162298061,0.0266307680916994,semisupervised_test
SMAP,0.5542519055882549,0.08587297514097447,semisupervised_test
