{
  "bottle": {
    "CAE": {
      "roc_auc": 0.603968253968254,
      "precision": 0.7560975609756098,
      "recall": 0.9841269841269841,
      "f1_score": 0.8551724137931035,
      "best_threshold": 0.0013162135146558285
    },
    "VAE": {
      "roc_auc": 0.7833333333333333,
      "precision": 0.8309859154929577,
      "recall": 0.9365079365079365,
      "f1_score": 0.8805970149253731,
      "best_threshold": 0.0018768672598525882
    },
    "ViT-VAE": {
      "roc_auc": 0.8166666666666667,
      "precision": 0.8309859154929577,
      "recall": 0.9365079365079365,
      "f1_score": 0.8805970149253731,
      "best_threshold": 0.002031765878200531
    },
    "VAE-GRF": {
      "roc_auc": 0.6936507936507936,
      "precision": 0.7560975609756098,
      "recall": 0.9841269841269841,
      "f1_score": 0.8551724137931035,
      "best_threshold": 0.002529817633330822
    }
  },
  "cable": {
    "CAE": {
      "roc_auc": 0.5365442278860569,
      "precision": 0.610738255033557,
      "recall": 0.9891304347826086,
      "f1_score": 0.7551867219917012,
      "best_threshold": 0.0021375196520239115
    },
    "VAE": {
      "roc_auc": 0.7786731634182908,
      "precision": 0.6717557251908397,
      "recall": 0.9565217391304348,
      "f1_score": 0.7892376681614349,
      "best_threshold": 0.008434929884970188
    },
    "ViT-VAE": {
      "roc_auc": 0.6679160419790104,
      "precision": 0.6190476190476191,
      "recall": 0.9891304347826086,
      "f1_score": 0.7615062761506276,
      "best_threshold": 0.010522530414164066
    },
    "VAE-GRF": {
      "roc_auc": 0.5517241379310345,
      "precision": 0.610738255033557,
      "recall": 0.9891304347826086,
      "f1_score": 0.7551867219917012,
      "best_threshold": 0.006270010489970446
    }
  },
  "capsule": {
    "CAE": {
      "roc_auc": 0.5357000398883127,
      "precision": 0.8244274809160306,
      "recall": 0.9908256880733946,
      "f1_score": 0.9,
      "best_threshold": 0.0003806509485002607
    },
    "VAE": {
      "roc_auc": 0.5652173913043478,
      "precision": 0.8307692307692308,
      "recall": 0.9908256880733946,
      "f1_score": 0.9037656903765691,
      "best_threshold": 0.0003304698911961168
    },
    "ViT-VAE": {
      "roc_auc": 0.48982848025528525,
      "precision": 0.8244274809160306,
      "recall": 0.9908256880733946,
      "f1_score": 0.9,
      "best_threshold": 0.0003560395271051675
    },
    "VAE-GRF": {
      "roc_auc": 0.5037893897088154,
      "precision": 0.8307692307692308,
      "recall": 0.9908256880733946,
      "f1_score": 0.9037656903765691,
      "best_threshold": 0.0007235445082187653
    }
  },
  "carpet": {
    "CAE": {
      "roc_auc": 0.42014446227929375,
      "precision": 0.7586206896551724,
      "recall": 0.9887640449438202,
      "f1_score": 0.8585365853658536,
      "best_threshold": 0.0047349585220217705
    },
    "VAE": {
      "roc_auc": 0.3475120385232745,
      "precision": 0.7586206896551724,
      "recall": 0.9887640449438202,
      "f1_score": 0.8585365853658536,
      "best_threshold": 0.011127856560051441
    },
    "ViT-VAE": {
      "roc_auc": 0.36035313001605135,
      "precision": 0.7586206896551724,
      "recall": 0.9887640449438202,
      "f1_score": 0.8585365853658536,
      "best_threshold": 0.011053614318370819
    },
    "VAE-GRF": {
      "roc_auc": 0.37680577849117175,
      "precision": 0.7586206896551724,
      "recall": 0.9887640449438202,
      "f1_score": 0.8585365853658536,
      "best_threshold": 0.011218815110623837
    }
  },
  "grid": {
    "CAE": {
      "roc_auc": 0.7794486215538847,
      "precision": 0.7638888888888888,
      "recall": 0.9649122807017544,
      "f1_score": 0.8527131782945736,
      "best_threshold": 0.0022151104640215635
    },
    "VAE": {
      "roc_auc": 0.6875522138680034,
      "precision": 0.7638888888888888,
      "recall": 0.9649122807017544,
      "f1_score": 0.8527131782945736,
      "best_threshold": 0.012875172309577465
    },
    "ViT-VAE": {
      "roc_auc": 0.6867167919799498,
      "precision": 0.7638888888888888,
      "recall": 0.9649122807017544,
      "f1_score": 0.8527131782945736,
      "best_threshold": 0.012931923381984234
    },
    "VAE-GRF": {
      "roc_auc": 0.7192982456140351,
      "precision": 0.8125,
      "recall": 0.9122807017543859,
      "f1_score": 0.859504132231405,
      "best_threshold": 0.0073854513466358185
    }
  },
  "hazelnut": {
    "CAE": {
      "roc_auc": 0.9028571428571429,
      "precision": 0.90625,
      "recall": 0.8285714285714286,
      "f1_score": 0.8656716417910447,
      "best_threshold": 0.00037327082827687263
    },
    "VAE": {
      "roc_auc": 0.8078571428571429,
      "precision": 0.7052631578947368,
      "recall": 0.9571428571428572,
      "f1_score": 0.8121212121212121,
      "best_threshold": 0.0009270001319237053
    },
    "ViT-VAE": {
      "roc_auc": 0.6039285714285714,
      "precision": 0.6601941747572816,
      "recall": 0.9714285714285714,
      "f1_score": 0.7861271676300579,
      "best_threshold": 0.007487644907087088
    },
    "VAE-GRF": {
      "roc_auc": 0.8725,
      "precision": 0.8076923076923077,
      "recall": 0.9,
      "f1_score": 0.8513513513513513,
      "best_threshold": 0.0008547271718271077
    }
  },
  "leather": {
    "CAE": {
      "roc_auc": 0.4585597826086956,
      "precision": 0.7398373983739838,
      "recall": 0.9891304347826086,
      "f1_score": 0.8465116279069768,
      "best_threshold": 0.0007094356697052717
    },
    "VAE": {
      "roc_auc": 0.5567255434782608,
      "precision": 0.7398373983739838,
      "recall": 0.9891304347826086,
      "f1_score": 0.8465116279069768,
      "best_threshold": 0.0008914610370993614
    },
    "ViT-VAE": {
      "roc_auc": 0.40489130434782605,
      "precision": 0.7398373983739838,
      "recall": 0.9891304347826086,
      "f1_score": 0.8465116279069768,
      "best_threshold": 0.0008262268383987248
    },
    "VAE-GRF": {
      "roc_auc": 0.5360054347826086,
      "precision": 0.7398373983739838,
      "recall": 0.9891304347826086,
      "f1_score": 0.8465116279069768,
      "best_threshold": 0.0008148446213454008
    }
  },
  "metal_nut": {
    "CAE": {
      "roc_auc": 0.32942326490713586,
      "precision": 0.8070175438596491,
      "recall": 0.989247311827957,
      "f1_score": 0.8888888888888888,
      "best_threshold": 0.001188750728033483
    },
    "VAE": {
      "roc_auc": 0.5840664711632453,
      "precision": 0.8288288288288288,
      "recall": 0.989247311827957,
      "f1_score": 0.9019607843137255,
      "best_threshold": 0.002570004900917411
    },
    "ViT-VAE": {
      "roc_auc": 0.23704789833822093,
      "precision": 0.8070175438596491,
      "recall": 0.989247311827957,
      "f1_score": 0.8888888888888888,
      "best_threshold": 0.010677221231162548
    },
    "VAE-GRF": {
      "roc_auc": 0.3401759530791788,
      "precision": 0.8070175438596491,
      "recall": 0.989247311827957,
      "f1_score": 0.8888888888888888,
      "best_threshold": 0.002976838266476989
    }
  },
  "pill": {
    "CAE": {
      "roc_auc": 0.7926895799236224,
      "precision": 0.8782051282051282,
      "recall": 0.9716312056737588,
      "f1_score": 0.9225589225589226,
      "best_threshold": 0.0006356500671245158
    },
    "VAE": {
      "roc_auc": 0.7476813966175667,
      "precision": 0.8571428571428571,
      "recall": 0.9787234042553191,
      "f1_score": 0.9139072847682119,
      "best_threshold": 0.0004409019893500954
    },
    "ViT-VAE": {
      "roc_auc": 0.6524822695035459,
      "precision": 0.852760736196319,
      "recall": 0.9858156028368794,
      "f1_score": 0.9144736842105263,
      "best_threshold": 0.000531685131136328
    },
    "VAE-GRF": {
      "roc_auc": 0.5420076377523185,
      "precision": 0.8433734939759037,
      "recall": 0.9929078014184397,
      "f1_score": 0.9120521172638436,
      "best_threshold": 0.001384470728226006
    }
  },
  "tile": {
    "CAE": {
      "roc_auc": 0.7236652236652237,